fitness,lr0,lrf,momentum,weight_decay,warmup_epochs,warmup_momentum,box,cls,dfl,hsv_h,hsv_s,hsv_v,degrees,translate,scale,shear,perspective,flipud,fliplr,bgr,mosaic,mixup,copy_paste
0.48481,0.0104,0.01,0.91866,0.00039,3.0,0.8,7.5,0.5,1.5,0.015,0.7,0.4,0.0,0.1,0.5,0.0,0.0,0.0,0.5,0.0,1.0,0.0,0.0
0.47795,0.0104,0.0093,0.90121,0.00034,3.16516,0.8,7.33991,0.4548,1.52746,0.01511,0.65428,0.34884,0.0,0.10656,0.42308,0.0,0.0,0.0,0.61813,0.0,1.0,0.0,0.0
0.48225,0.01036,0.01,0.91771,0.00039,2.99848,0.79971,7.43075,0.49987,1.49852,0.01502,0.7,0.40088,0.0,0.09993,0.49977,0.0,0.0,0.0,0.50059,0.0,1.0,0.0,0.0
0.47168,0.01038,0.01,0.91648,0.00039,3.00338,0.79989,7.47533,0.5,1.5021,0.01497,0.69224,0.40139,0.0,0.1004,0.49553,0.0,0.0,0.0,0.50239,0.0,1.0,0.0,0.0
0.48783,0.0104,0.01135,0.90121,0.00033,3.22748,0.81476,7.14449,0.45907,1.66225,0.01531,0.67895,0.35648,0.0,0.10902,0.42901,0.0,0.0,0.0,0.58964,0.0,0.97319,0.0,0.0
0.47963,0.01048,0.01005,0.91866,0.0004,2.97199,0.8,7.88589,0.5,1.5,0.01509,0.70277,0.41613,0.0,0.10294,0.50242,0.0,0.0,0.0,0.51755,0.0,1.0,0.0,0.0
0.47968,0.01105,0.01135,0.84508,0.00032,3.02525,0.74628,6.68489,0.43462,1.5863,0.0171,0.75637,0.35497,0.0,0.12204,0.38983,0.0,0.0,0.0,0.61322,0.0,1.0,0.0,0.0
0.4843,0.01035,0.01132,0.90121,0.00033,3.21231,0.81476,7.17596,0.45402,1.64574,0.0154,0.67895,0.35567,0.0,0.1097,0.42721,0.0,0.0,0.0,0.58964,0.0,0.97319,0.0,0.0
0.5024,0.01146,0.01,0.8677,0.00044,2.87627,0.8,8.01811,0.32017,1.5,0.01724,0.61649,0.40631,0.0,0.08848,0.48204,0.0,0.0,0.0,0.42646,0.0,0.74016,0.0,0.0
