fitness,lr0,lrf,momentum,weight_decay,warmup_epochs,warmup_momentum,box,cls,dfl,hsv_h,hsv_s,hsv_v,degrees,translate,scale,shear,perspective,flipud,fliplr,bgr,mosaic,mixup,copy_paste
1.4104,0.01084,0.01,0.96395,0.00082,3.0,0.8,7.5,0.5,1.5,0.015,0.7,0.4,0.0,0.1,0.5,0.0,0.0,0.0,0.5,0.0,1.0,0.0,0.0
1.39897,0.01096,0.00995,0.96395,0.00083,3.0,0.83564,9.11513,0.45577,1.5,0.01557,0.70843,0.37501,0.0,0.08693,0.5,0.0,0.0,0.0,0.46913,0.0,0.99748,0.0,0.0
1.40897,0.01068,0.01,0.96707,0.0008,3.10417,0.8,7.60701,0.5,1.49013,0.015,0.7,0.44874,0.0,0.10759,0.4478,0.0,0.0,0.0,0.45212,0.0,1.0,0.0,0.0
1.40252,0.01222,0.00882,0.98,0.00093,3.0,0.8,5.41155,0.43967,1.5,0.01524,0.77062,0.4,0.0,0.1,0.60311,0.0,0.0,0.0,0.5,0.0,1.0,0.0,0.0
